title,price,rating,link
"Lenovo IdeaPad 1 Laptop Computer for Home and Business Student, 32GB DDR4 RAM, 1TB PCIe SSD, 15.6"" FHD, Intel Dual-Core Processor, WiFi 6, Bluetooth, Type-C, HDMI, Windows 11 Pro, Wendbo",429..00,4.2 out of 5 stars,https://www.amazon.com/Lenovo-Computer-Dual-Core-Processor-Bluetooth/dp/B0F7HJJN7Z/ref=sr_1_1?dib=eyJ2IjoiMSJ9.5q_H7wBxJs793UANJQGtOI9ltwNBbH2nHSw1-TlakQ_DRkV8dB6mgMJxH8679xcxQ9_tgdYJK2f7_FQnlg5MjpFazJttwo3uu2zzYGxzfmmaPM-t3SzTKaLsoj2uldLFLcxKR786sBB05jWT_dr6EvLwob9NdI6oKiMfsaD_JuhE9hObsC77lu07Vmy_7N3ehF8MATGJROAEjDZSGSMbxdEJrGiOFJQIO_Q14-vFubI.AnST1BRR41iHKr71S5QNVmLvNYNMjER9-0n4ji8sud4&dib_tag=se&keywords=laptop&qid=1748531348&sr=8-1
"Acer Aspire 3 A315-24P-R7VH Slim Laptop | 15.6"" Full HD IPS Display | AMD Ryzen 3 7320U Quad-Core Processor | AMD Radeon Graphics | 8GB LPDDR5 | 128GB NVMe SSD | Wi-Fi 6 | Windows 11 Home in S Mode",299..99,4.2 out of 5 stars,https://www.amazon.com/A315-24P-R7VH-Display-Quad-Core-Processor-Graphics/dp/B0BS4BP8FB/ref=sr_1_2?dib=eyJ2IjoiMSJ9.5q_H7wBxJs793UANJQGtOI9ltwNBbH2nHSw1-TlakQ_DRkV8dB6mgMJxH8679xcxQ9_tgdYJK2f7_FQnlg5MjpFazJttwo3uu2zzYGxzfmmaPM-t3SzTKaLsoj2uldLFLcxKR786sBB05jWT_dr6EvLwob9NdI6oKiMfsaD_JuhE9hObsC77lu07Vmy_7N3ehF8MATGJROAEjDZSGSMbxdEJrGiOFJQIO_Q14-vFubI.AnST1BRR41iHKr71S5QNVmLvNYNMjER9-0n4ji8sud4&dib_tag=se&keywords=laptop&qid=1748531348&sr=8-2
"HP 14 Laptop, Intel Celeron N4020, 4 GB RAM, 64 GB Storage, 14-inch Micro-edge HD Display, Windows 11 Home, Thin & Portable, 4K Graphics, One Year of Microsoft 365 (14-dq0040nr, Snowflake White)",179..00,4.2 out of 5 stars,https://www.amazon.com/HP-Micro-edge-Microsoft-14-dq0040nr-Snowflake/dp/B0947BJ67M/ref=sr_1_3?dib=eyJ2IjoiMSJ9.5q_H7wBxJs793UANJQGtOI9ltwNBbH2nHSw1-TlakQ_DRkV8dB6mgMJxH8679xcxQ9_tgdYJK2f7_FQnlg5MjpFazJttwo3uu2zzYGxzfmmaPM-t3SzTKaLsoj2uldLFLcxKR786sBB05jWT_dr6EvLwob9NdI6oKiMfsaD_JuhE9hObsC77lu07Vmy_7N3ehF8MATGJROAEjDZSGSMbxdEJrGiOFJQIO_Q14-vFubI.AnST1BRR41iHKr71S5QNVmLvNYNMjER9-0n4ji8sud4&dib_tag=se&keywords=laptop&qid=1748531348&sr=8-3
"HP Portable Laptop, Student and Business, 14"" HD Display, Intel Quad-Core N4120, 8GB DDR4 RAM, 64GB eMMC, 1 Year Office 365, Webcam, RJ-45, HDMI, Wi-Fi, Windows 11 Home, Silver",189..99,4.1 out of 5 stars,https://www.amazon.com/HP-Portable-Student-Business-Quad-Core/dp/B0CPL25J3W/ref=sr_1_4?dib=eyJ2IjoiMSJ9.5q_H7wBxJs793UANJQGtOI9ltwNBbH2nHSw1-TlakQ_DRkV8dB6mgMJxH8679xcxQ9_tgdYJK2f7_FQnlg5MjpFazJttwo3uu2zzYGxzfmmaPM-t3SzTKaLsoj2uldLFLcxKR786sBB05jWT_dr6EvLwob9NdI6oKiMfsaD_JuhE9hObsC77lu07Vmy_7N3ehF8MATGJROAEjDZSGSMbxdEJrGiOFJQIO_Q14-vFubI.AnST1BRR41iHKr71S5QNVmLvNYNMjER9-0n4ji8sud4&dib_tag=se&keywords=laptop&qid=1748531348&sr=8-4
"SGIN Laptop Computer 15.6 Inch, Windows 11 Laptops with 4GB RAM 128GB SSD, Celeron N4000 Processor Notebook, BT4.2.0, HDMI, 7000mah, WiFi, UHD Graphics 600, Type-C, 2.4/5G WiFi",189..99,5.0 out of 5 stars,https://www.amazon.com/SGIN-Computer-Processor-Notebook-Graphics/dp/B0F4RG657B/ref=sr_1_5?dib=eyJ2IjoiMSJ9.5q_H7wBxJs793UANJQGtOI9ltwNBbH2nHSw1-TlakQ_DRkV8dB6mgMJxH8679xcxQ9_tgdYJK2f7_FQnlg5MjpFazJttwo3uu2zzYGxzfmmaPM-t3SzTKaLsoj2uldLFLcxKR786sBB05jWT_dr6EvLwob9NdI6oKiMfsaD_JuhE9hObsC77lu07Vmy_7N3ehF8MATGJROAEjDZSGSMbxdEJrGiOFJQIO_Q14-vFubI.AnST1BRR41iHKr71S5QNVmLvNYNMjER9-0n4ji8sud4&dib_tag=se&keywords=laptop&qid=1748531348&sr=8-5
"HP 255 G10 Laptop for Home or Work, 16GB RAM, 1TB SSD, 15.6"" Full HD, Ryzen 3 7330U (Beat Intel i5-1135G7), HDMI, USB-C, Windows 11 Pro, Business and Fun Ready",449..99,4.3 out of 5 stars,https://www.amazon.com/HP-255-i5-1135G7-Windows-Business/dp/B0DCSYTVDD/ref=sr_1_6?dib=eyJ2IjoiMSJ9.5q_H7wBxJs793UANJQGtOI9ltwNBbH2nHSw1-TlakQ_DRkV8dB6mgMJxH8679xcxQ9_tgdYJK2f7_FQnlg5MjpFazJttwo3uu2zzYGxzfmmaPM-t3SzTKaLsoj2uldLFLcxKR786sBB05jWT_dr6EvLwob9NdI6oKiMfsaD_JuhE9hObsC77lu07Vmy_7N3ehF8MATGJROAEjDZSGSMbxdEJrGiOFJQIO_Q14-vFubI.AnST1BRR41iHKr71S5QNVmLvNYNMjER9-0n4ji8sud4&dib_tag=se&keywords=laptop&qid=1748531348&sr=8-6
"HP 15 15.6"" FHD Laptop Computer Student and Business, Intel Quad-Core Processor (Beat i3-1115G4), 16GB DDR4 RAM, 512GB PCIe SSD, WiFi 6E, Bluetooth 5.3, HDMI, Type-C, Silver, Windows 11 Pro, Wendbo",379..00,4.5 out of 5 stars,https://www.amazon.com/HP-15-Quad-Core-Processor-i3-1115G4/dp/B0F7577RSP/ref=sr_1_7?dib=eyJ2IjoiMSJ9.5q_H7wBxJs793UANJQGtOI9ltwNBbH2nHSw1-TlakQ_DRkV8dB6mgMJxH8679xcxQ9_tgdYJK2f7_FQnlg5MjpFazJttwo3uu2zzYGxzfmmaPM-t3SzTKaLsoj2uldLFLcxKR786sBB05jWT_dr6EvLwob9NdI6oKiMfsaD_JuhE9hObsC77lu07Vmy_7N3ehF8MATGJROAEjDZSGSMbxdEJrGiOFJQIO_Q14-vFubI.AnST1BRR41iHKr71S5QNVmLvNYNMjER9-0n4ji8sud4&dib_tag=se&keywords=laptop&qid=1748531348&sr=8-7
"Apple 2025 MacBook Air 13-inch Laptop with M4 chip: Built for Apple Intelligence, 13.6-inch Liquid Retina Display, 16GB Unified Memory, 256GB SSD Storage, 12MP Center Stage Camera, Touch ID; Midnight",864..42,4.8 out of 5 stars,https://www.amazon.com/Apple-2025-MacBook-13-inch-Laptop/dp/B0DZD9S5GC/ref=sr_1_8?dib=eyJ2IjoiMSJ9.5q_H7wBxJs793UANJQGtOI9ltwNBbH2nHSw1-TlakQ_DRkV8dB6mgMJxH8679xcxQ9_tgdYJK2f7_FQnlg5MjpFazJttwo3uu2zzYGxzfmmaPM-t3SzTKaLsoj2uldLFLcxKR786sBB05jWT_dr6EvLwob9NdI6oKiMfsaD_JuhE9hObsC77lu07Vmy_7N3ehF8MATGJROAEjDZSGSMbxdEJrGiOFJQIO_Q14-vFubI.AnST1BRR41iHKr71S5QNVmLvNYNMjER9-0n4ji8sud4&dib_tag=se&keywords=laptop&qid=1748531348&sr=8-8
"Dell Inspiron Touchscreen Laptop, 15.6"" Business & Student Laptop Computer, Windows 11 Pro Laptop 32GB RAM 1TB SSD, Intel i5-1155G7 Processor, Full HD IPS Display, Numeric Keypad, HDMI, Carbon Black",517..99,4.3 out of 5 stars,https://www.amazon.com/Dell-Inspiron-Touchscreen-i5-1155G7-Processor/dp/B0CTPCTW66/ref=sr_1_9?dib=eyJ2IjoiMSJ9.5q_H7wBxJs793UANJQGtOI9ltwNBbH2nHSw1-TlakQ_DRkV8dB6mgMJxH8679xcxQ9_tgdYJK2f7_FQnlg5MjpFazJttwo3uu2zzYGxzfmmaPM-t3SzTKaLsoj2uldLFLcxKR786sBB05jWT_dr6EvLwob9NdI6oKiMfsaD_JuhE9hObsC77lu07Vmy_7N3ehF8MATGJROAEjDZSGSMbxdEJrGiOFJQIO_Q14-vFubI.AnST1BRR41iHKr71S5QNVmLvNYNMjER9-0n4ji8sud4&dib_tag=se&keywords=laptop&qid=1748531348&sr=8-9
"HP 2025 Lightweight Chromebook, 14'' HD IPS Display, Intel N Processor Up to 3.69GHz, 4GB LPDDR5 Ram, 128GB SSD, Super-Fast 6th Gen WiFi, Chrome OS, Dale Silver, Renewed",169..99,4.1 out of 5 stars,https://www.amazon.com/HP-Lightweight-Chromebook-14-Super-Fast/dp/B0F2QZGDLL/ref=sr_1_10?dib=eyJ2IjoiMSJ9.5q_H7wBxJs793UANJQGtOI9ltwNBbH2nHSw1-TlakQ_DRkV8dB6mgMJxH8679xcxQ9_tgdYJK2f7_FQnlg5MjpFazJttwo3uu2zzYGxzfmmaPM-t3SzTKaLsoj2uldLFLcxKR786sBB05jWT_dr6EvLwob9NdI6oKiMfsaD_JuhE9hObsC77lu07Vmy_7N3ehF8MATGJROAEjDZSGSMbxdEJrGiOFJQIO_Q14-vFubI.AnST1BRR41iHKr71S5QNVmLvNYNMjER9-0n4ji8sud4&dib_tag=se&keywords=laptop&qid=1748531348&sr=8-10
